Name,encoding,Status
Adel Emam,"-0.0843273289501667,0.056556446477770805,-0.0031471659895032644,0.028232073411345482,-0.0011382729280740023,-0.026731973979622126,0.006070623407140374,-0.10872356407344341,0.16056331619620323,-0.05390606261789799,0.23748423159122467,0.05289756413549185,-0.2762511819601059,-0.12514107301831245,0.049260721541941166,0.06935208663344383,-0.13637017272412777,-0.08084537647664547,-0.1032079216092825,-0.043157584965229034,0.09202625416219234,0.025951809395337477,0.09264756552875042,-0.0038783944910392165,-0.20731431990861893,-0.28126438707113266,-0.1087268628180027,-0.10343550145626068,0.03050117939710617,-0.0335508338175714,-0.01333908038213849,0.06162039749324322,-0.19121673703193665,-0.0699922926723957,0.07446960173547268,0.07773725222796202,-0.052052594255656004,-0.023277802276425064,0.178825993090868,0.0006831688806414604,-0.1883799508213997,-0.03153480589389801,0.03515737131237984,0.218251034617424,0.2147514745593071,0.01494532241486013,0.020542812068015337,-0.06456863973289728,0.10152327455580235,-0.24149489402770996,0.05676401872187853,0.15415501222014427,0.1569174937903881,0.05373905226588249,0.09003091976046562,-0.2046051248908043,0.040884922724217176,0.1405871883034706,-0.24505740031599998,0.02288007491733879,0.021246358868665993,-0.0987909696996212,-0.04242958780378103,0.020394740160554647,0.10894081182777882,0.10458608902990818,-0.13433384709060192,-0.14926079660654068,0.15754782408475876,-0.15687378123402596,0.046618957072496414,0.18845538422465324,-0.1482502818107605,-0.24525117129087448,-0.2870109975337982,-0.03280488424934447,0.4542049840092659,0.11285480111837387,-0.12616697885096073,0.008050140226259828,-0.11428186669945717,-0.015889041824266315,0.01915082341292873,0.021777879097498953,-0.0778399258852005,-0.014656237559393048,-0.13267952390015125,0.047463546972721815,0.15592685341835022,-0.0066980100236833096,-0.07142801769077778,0.19421590492129326,-0.008276131935417652,-0.0012199932243674994,0.054192633368074894,0.06584519241005182,-0.09597825072705746,-0.05807159887626767,-0.08936237543821335,-0.05737861548550427,-0.023267973447218537,-0.16437427699565887,-0.0009242328815162182,0.08872578013688326,-0.17974505573511124,0.1694531925022602,0.015789489494636655,-0.00020832335576415062,-0.01869517983868718,-0.0556123498827219,-0.07429835572838783,0.03634959552437067,0.11430874280631542,-0.3261082172393799,0.19390539824962616,0.1550552248954773,-0.018251356319524348,0.15751800686120987,-0.011159033747389913,0.06308387033641338,-0.07283862307667732,-0.04351485869847238,-0.1776111088693142,-0.10060935840010643,-0.028249378316104412,-0.03301499329973012,0.0918839517980814,-0.030376429203897715",Known person(Actor)
Ahmed Helmy,"-0.10301677137613297,0.0748301811516285,0.06803132966160774,0.0034156677778810264,-0.030043269880115984,-0.036504564061760905,-0.03651273436844349,-0.03764593079686165,0.16575701236724855,-0.09147948175668716,0.2367395579814911,-0.011022591590881347,-0.1499619036912918,-0.028075123950839043,-0.06810259521007538,0.10588442534208298,-0.08686820045113564,-0.07639726474881173,-0.13193607181310654,-0.08039220720529557,-0.03816855475306511,0.03928995691239834,0.005173557717353105,-0.019695955514907836,-0.1324654072523117,-0.3560043752193451,-0.0671078622341156,-0.07085097730159759,0.08847454637289047,-0.09165680259466172,0.0059295186772942545,0.04403361734002829,-0.1276986464858055,-0.02695549316704273,0.05789131969213486,0.07934348434209823,-0.011087580770254134,-0.020352725964039566,0.24171414971351624,0.05056729316711426,-0.1313680201768875,0.08404869735240936,0.08085999861359597,0.352732390165329,0.17225827574729918,0.04495634324848652,0.011283230409026146,-0.09533567726612091,0.13989573270082473,-0.23103464543819427,0.09733643233776093,0.13342512249946595,0.09651903808116913,0.04929915331304073,0.1452805981040001,-0.10782386660575867,0.023537803813815115,0.11336483806371689,-0.1950402081012726,0.09174453765153885,0.07817484587430953,0.05474361218512058,-0.06386955082416534,-0.03856437811627984,0.19859490990638734,0.1246719315648079,-0.13044541329145432,-0.09536164849996567,0.12245636135339737,-0.17259083390235902,0.04598647952079773,0.03235636241734028,-0.08953249752521515,-0.15951870381832123,-0.220226514339447,0.09528421461582184,0.43232262134552,0.1739027887582779,-0.14869543313980102,0.03607076406478882,-0.03753224201500416,-0.08416355103254318,0.08764171749353408,0.04203565455973148,-0.15297361016273497,-0.05966117680072784,-0.020843638107180595,0.045496176555752756,0.19055191278457642,0.08323858082294464,-0.008277984522283077,0.17461630702018738,0.0031498637050390243,-0.030144725181162357,-0.012005840428173542,-0.022690754383802414,-0.1756739318370819,-0.03410701379179955,-0.12111826241016388,-0.045386388152837756,0.02984369918704033,-0.09265841543674469,0.05213907659053803,0.10992076098918915,-0.2259368598461151,0.1594577431678772,-0.011749700596556067,-0.024986680969595908,0.10102397128939629,0.12097899913787842,-0.08108405917882919,-0.042593317851424214,0.13788063377141951,-0.21495753824710845,0.18153810501098633,0.1179469496011734,0.07043584659695626,0.1061547577381134,0.11126618236303329,0.06457660496234893,0.03272960912436247,0.0949978768825531,-0.10140086933970452,-0.06358009241521359,-0.05407990962266922,-0.06303884834051132,0.06612719893455506,0.011973360925912857",Known person(Actor)
ahmed mekky,"-0.06773606929928064,0.04526941142976284,-0.0016425400972366333,-0.09529482871294022,-0.07280238270759583,-0.0023463319987058638,0.04083454273641109,-0.07870249077677727,0.1621916860342026,-0.02260100804269314,0.18588489592075347,0.01445627324283123,-0.22717998325824737,-0.0675183292478323,0.028844526410102843,0.09339115470647812,-0.1037949040532112,-0.12729108184576035,-0.11871275454759597,-0.09496135339140892,-0.055398867651820186,-0.023939949832856654,0.05126573704183102,0.05631634239107371,-0.15432987809181214,-0.2808192431926727,-0.03832386936992407,-0.10083609074354172,0.0383630272001028,-0.13666466474533082,0.0319581463932991,0.05447571678087115,-0.1600641444325447,-0.08744602389633656,-0.007612148299813271,0.09138929843902588,-0.08746903650462627,-0.11867519617080688,0.24276407063007355,0.027340499311685564,-0.1500380590558052,0.08472038581967353,-0.001187462732195854,0.3199018776416779,0.16495360136032106,-0.03246145325247198,0.0697272315621376,-0.07311136648058891,0.1415737345814705,-0.2578790247440338,0.11303939819335937,0.0694013588130474,0.1540403515100479,0.022921191342175008,0.05629874095320701,-0.16940962970256807,0.03597545772790909,0.1822234034538269,-0.21940417289733888,0.10125789344310761,0.06159757673740387,-0.0453434843569994,-0.03474950846284628,-0.0845129605382681,0.22680246233940124,0.1462728887796402,-0.12804450690746308,-0.07463890984654427,0.1266447462141514,-0.06894330307841301,-0.05187008157372475,0.01556233111768961,-0.1055773988366127,-0.17129611670970918,-0.2690732508897781,0.10991035401821136,0.3085870504379272,0.15027437210083008,-0.22616434395313262,-0.0019409788772463798,-0.11133071556687354,0.06274183914065361,0.029904883354902267,0.056202956661581996,-0.12888716757297516,-0.05469984114170075,-0.0794669084250927,-0.002376232296228409,0.15079925060272217,0.02388821020722389,-0.09784294962882996,0.1750013053417206,0.037892846763134,-0.003934280201792717,0.036927555128932,0.030963627994060515,-0.15497745275497438,0.02217835895717144,-0.11957590281963348,-0.007545841485261917,0.08522118292748929,-0.11987404972314834,0.05099379196763039,0.12233788669109344,-0.23179336488246918,0.22478211522102357,-0.001900799013674259,-0.012544447928667069,0.07482174411416054,0.03145459443330765,-0.052042719721794126,-0.009200186096131801,0.1453236699104309,-0.30519272685050963,0.21958338916301728,0.18980177044868468,0.05485371090471745,0.16733958423137665,0.09677634611725808,0.04390283152461052,4.3072551488876345e-05,0.07101384289562702,-0.16444067358970643,-0.03890756890177727,0.06503527015447616,0.005296165123581886,0.08713491708040237,0.10483219772577286",Known person(Actor)
Amina Khalil,"-0.04404251161031425,0.13609509356319904,0.07106322422623634,-0.06083271745592356,-0.08882910758256912,-0.013716348563320935,-0.11178571544587612,-0.11125190928578377,0.18338395655155182,-0.12890946678817272,0.10920473001897335,-0.00495660025626421,-0.17465396597981453,0.11181973852217197,-0.08660302311182022,0.1265800315886736,-0.160630464553833,-0.17665856704115868,-0.04640853498131037,-0.03354431386105716,0.05558200180530548,0.06690675020217896,0.015919533325359225,0.11717316694557667,-0.15563368052244186,-0.3305904194712639,-0.07292324863374233,-0.031082219909876585,0.07877283543348312,-0.08959819748997688,-0.06633677892386913,0.06453000754117966,-0.19564491137862206,0.03141322289593518,0.05375857790932059,0.11196956597268581,-0.04883679747581482,-0.09070868417620659,0.19500929862260818,0.09609842672944069,-0.23578086495399475,-0.025164487306028605,0.05190941225737333,0.2596618980169296,0.23619600385427475,-0.0012477030977606773,0.08271510899066925,-0.12904747016727924,0.10454609245061874,-0.2797901928424835,0.06669372413307428,0.19532650336623192,0.03284562868066132,0.1298306193202734,0.08152430690824986,-0.1687798760831356,-0.004509394522756338,0.09630175121128559,-0.1303063314408064,0.07478655315935612,0.07479301281273365,-0.015645662788301706,-0.015344207175076008,-0.050815252121537924,0.22327762469649315,0.15133217349648476,-0.08715523220598698,-0.2151605747640133,0.21981365233659744,-0.22619182243943214,-0.11450926400721073,0.11189598869532347,-0.05935637792572379,-0.13266925513744354,-0.20887989550828934,-0.024575932417064905,0.38021235167980194,0.17871157079935074,-0.13777522556483746,0.09068306162953377,-0.07101794052869081,-0.059915645979344845,0.016054513165727258,0.11101679131388664,-0.08851650729775429,0.07902036793529987,-0.03607111354358494,0.05697077792137861,0.2817099317908287,0.04431878449395299,-0.013211359968408942,0.2141541987657547,0.015442128526046872,-0.0027198721654713154,0.08684440748766065,0.09962308779358864,-0.15784234553575516,-0.02310091070830822,-0.18335899710655212,-0.10834359005093575,0.009318022290244699,-0.0007479498162865639,-0.008732084883376956,0.19185351207852364,-0.2104673646390438,0.2267993688583374,-0.07906450051814318,-0.062126925913617015,0.007654840825125575,0.06326132221147418,-0.08172057941555977,-0.04723431239835918,0.1545356884598732,-0.23754113912582397,0.15134918317198753,0.1317941714078188,0.05114639806561172,0.08717539720237255,0.04205990245100111,0.09306398779153824,0.037453182972967625,-0.031037028413265944,-0.1449208240956068,-0.09150766301900148,0.01944942190311849,-0.06061026966199279,-0.013833313714712858,0.007281352183781564",Known person(Actress)
Amr el soulia,"-0.029711071122437715,0.09695069715380669,0.04431344103068113,-0.030330315232276917,-0.06771559864282609,-0.012419725209474564,-0.01776376198977232,0.02172874053940177,0.1817039042711258,-0.0019131582230329514,0.18345162272453308,0.02206974308937788,-0.20452823638916015,-0.1331607848405838,-0.011915884166955947,0.09303642064332962,-0.1529853582382202,-0.12862795740365982,-0.026535466872155668,-0.08180247992277145,0.011833483166992665,0.03795296810567379,0.02655937671661377,0.04884186238050461,-0.16941971182823182,-0.33598548769950864,-0.0281206076964736,-0.18195258677005768,0.03836304154247046,-0.14719746708869935,0.04522867612540722,0.13643750697374343,-0.15932016670703888,-0.04213772937655449,0.02577093690633774,0.12004640400409698,0.0638741172850132,0.011766484566032886,0.17482375204563141,0.06829145811498165,-0.14909573793411254,0.07243945896625519,-0.011096424236893655,0.3144706726074219,0.14285819828510285,0.03596929535269737,0.03147597834467888,-0.004558161273598671,0.15708115696907043,-0.24158175587654113,0.15044569373130798,0.1420913740992546,0.13591006845235826,0.026623712480068208,0.09064349383115769,-0.15170457512140273,-0.00928189605474472,0.08029903471469879,-0.25286166071891786,0.060312896873801945,0.06280573233962058,-0.002372553199529648,-0.05346832759678364,-0.05748527050018311,0.1490727648139,0.10137308835983276,-0.10342840552330017,-0.08019565790891647,0.12714039981365205,-0.13875153064727783,-0.0070029087364673615,0.09856910407543182,-0.09441554844379425,-0.09761005342006683,-0.2134965628385544,0.12526566237211229,0.3821942389011383,0.1465579777956009,-0.17247883081436158,0.0017721951007843018,-0.11809577494859695,0.0014212687034159898,-0.0060304376063868405,-0.02310746379662305,-0.08981913328170776,-0.009418408572673797,-0.07308071404695511,0.03303558230400085,0.11695526540279388,0.04335980713367462,-0.03826282992959022,0.16337374746799468,-0.005107568576931953,0.029896413348615168,0.01305552152916789,-0.013935486320406199,-0.08495560064911842,-0.0013070808723568915,-0.09872602075338363,-0.013201835751533508,-0.000847485288977623,-0.12718331813812256,-0.030245811119675635,0.02614548336714506,-0.22037475407123566,0.12788445204496385,0.02238223128952086,-0.05109291672706604,0.004604090191423893,0.11011362075805664,-0.11835948824882507,-0.012008473905734719,0.1768331691622734,-0.30208917856216433,0.25149909853935243,0.13451309949159623,0.021482197940349577,0.1583316445350647,0.04625314064323902,0.08355115056037903,-0.02965166252106428,-0.09973914921283722,-0.07219103574752808,-0.12486162334680558,0.05260965544730425,-0.01614084169268608,0.03693486880511045,0.015361827705055476",Known person(Football player)
asmaa galal,"-0.14369573146104814,0.060296140424907205,0.0657981026917696,-0.09122933745384217,-0.1059528797864914,-0.1223569393157959,-0.06841226518154145,-0.1204490453004837,0.18988997638225555,-0.12145608440041541,0.11248569637537002,-0.044053423777222635,-0.21269879043102263,0.06655259914696217,-0.14720577448606492,0.13008803129196167,-0.19645575881004335,-0.14583854973316193,-0.018186257779598237,-0.017800415866076946,0.13833899348974227,-0.046618609130382536,0.010544734261929988,0.15171373933553695,-0.09321915432810783,-0.2670902729034424,-0.12746875435113908,-0.07213751077651978,-0.060172054916620255,-0.07294401675462722,0.030767871253192424,0.07708687894046307,-0.2176642596721649,-0.032807855680584905,-0.015364821255207061,0.1460885673761368,0.058348816260695456,-0.08022296354174614,0.14615035206079482,0.00010417923331260682,-0.24246762990951537,-0.07461832463741302,0.09340925887227058,0.2764803946018219,0.13125526905059814,0.007689637690782547,0.03420626111328602,-0.04045955091714859,0.11936902105808259,-0.2620180517435074,0.015845922566950322,0.1710027426481247,0.06600134372711182,0.04046801384538412,0.10954153686761856,-0.17290205657482147,0.13251811414957046,0.06364736631512642,-0.14437999725341796,0.05491860061883926,0.07948874160647393,-0.08375734761357308,-0.0032655748538672922,-0.038467873260378836,0.19240986704826354,0.10641386210918427,-0.06547777354717255,-0.16541681289672852,0.20726252496242523,-0.2110176056623459,-0.060078955441713336,0.09745476245880128,-0.13440663516521453,-0.18479250073432923,-0.27881638407707215,-0.060681045055389404,0.3888961136341095,0.166184663772583,-0.120919169485569,0.1475761592388153,-0.06871403194963932,-0.032122247479856016,0.0217005904763937,0.17806760966777802,-0.0017858806997537613,0.2099086970090866,-0.13813590109348298,0.08344504274427891,0.1919653058052063,-0.027693605236709117,0.023144900612533093,0.25403244197368624,0.03458977416157723,-0.05548916086554527,0.056029561813920735,0.032808154448866846,-0.09075337424874305,-0.008173943124711513,-0.18538297414779664,0.0029626333154737948,0.0453770475462079,-0.012601643800735474,-0.06854384914040565,0.06664773896336555,-0.20813336074352265,0.04717787392437458,-0.0540352638810873,-0.07674853131175041,-0.14562886357307434,-0.031747134029865266,-0.09965204298496247,-0.0387465693987906,0.14299761801958083,-0.22587042450904846,0.10677407085895538,0.19062620103359224,0.003024796862155199,0.10283178836107254,0.005162102077156306,0.05827646479010582,0.05584443546831608,-0.08209663107991219,-0.10758388936519622,-0.07530948296189308,0.015728038176894187,-0.06323891505599022,-0.020924850925803186,0.01382065424695611",Known person(Actress)
cristiano ronaldo,"-0.17277155816555023,0.1370518058538437,0.051751495152711866,-0.04731576070189476,-0.11850923299789429,0.06482284143567085,-0.011876145005226135,-0.03126574326306582,0.113590507209301,0.0146757323294878,0.22993969023227692,-0.03599647954106331,-0.32171820402145385,-0.022876635193824768,-0.10695280581712723,0.11359552592039109,-0.159135103225708,-0.10177599787712097,-0.10452172756195069,-0.09026055783033371,0.07877664752304554,0.010945284087210894,0.0019402913749217987,0.06792564243078232,-0.1379571318626404,-0.2652892112731934,0.0062566142529249195,-0.1222555011510849,0.045281775668263434,-0.17007191181182862,-0.024038028344511984,-0.018398163025267422,-0.1891953945159912,-0.07537217587232589,-0.05598118826746941,0.02809913456439972,-0.020409734803251922,-0.06150481179356575,0.204503658413887,-0.02106984369456768,-0.14389094561338425,0.045556583628058436,0.008654126897454262,0.32054800987243653,0.16844190359115602,0.025599953904747962,0.05491825863718987,-0.05686590932309628,0.11578829884529114,-0.29180011749267576,0.025381262972950937,0.17430253326892853,0.11415886133909225,0.0090688431635499,-0.0009802039712667465,-0.17755454480648042,-0.02481498457491398,0.16021367609500886,-0.18693108558654786,0.12692664414644242,0.0666563168168068,-0.0677584946155548,0.004440823569893837,-0.08256822973489761,0.18377505242824554,0.06779896132647992,-0.10677645206451417,-0.10597907900810241,0.12945680171251298,-0.08882665187120438,0.008660114742815495,0.10047717690467835,-0.12133240550756455,-0.2038419783115387,-0.23653780817985534,0.08505386933684349,0.4375345230102539,0.1475909322500229,-0.13156502693891525,0.035928570106625556,-0.15929292440414428,0.015763094648718834,0.03189683184027672,-0.01048375377431512,-0.11562572568655013,0.008523322828114032,-0.13448996990919113,0.10764568597078324,0.1886248528957367,-0.020922283641994,-0.03621141724288464,0.19743845164775847,0.050708014890551566,-0.04318588878959417,0.047011249512434,0.08192297741770745,-0.12422302812337875,-0.0013777724467217921,-0.08114943653345108,0.01974700838327408,0.03292273357510567,-0.14150286018848418,0.0708915002644062,0.03299487438052893,-0.16380296945571898,0.11153161525726318,-0.020135165005922318,0.007158336415886879,-0.05431403815746307,-0.024195285886526106,-0.09212208241224289,0.035248060896992686,0.20407254099845887,-0.26223339438438414,0.19660065472126007,0.17575674653053283,0.04850002154707909,0.14285940080881118,0.09695616215467454,0.03470983281731606,-0.013124067336320877,-0.003570131212472916,-0.09950347617268562,-0.0792638823390007,0.08537400513887405,-0.022649196349084376,0.15215966999530792,0.046149222552776335",Known person(Football player)
Cruyff,"-0.09627242237329484,0.11990050673484802,0.061310043931007384,-0.10954885631799698,-0.18780869245529175,0.034515264257788655,-0.06691793128848075,-0.14589696675539016,0.1272873565554619,-0.13229206651449205,0.17694247663021087,0.03628694005310536,-0.17791427075862884,0.03020903579890728,0.041504344902932644,0.10531482696533204,-0.105057393014431,-0.13680344820022583,-0.1581852063536644,-0.17003173232078553,-0.08932608664035797,0.02598451655358076,-0.03319253101944923,0.03539012037217617,-0.14964791238307953,-0.22257575690746306,-0.08283788114786148,-0.04575144164264202,0.1254323109984398,-0.07081545814871788,0.021874883398413657,-0.028630725853145123,-0.21216796934604645,-0.06119546964764595,0.061243560165166855,0.06333486214280129,-0.0681353285908699,-0.05218951925635338,0.22592474520206451,-0.027261332049965857,-0.14375438988208772,0.08267964869737625,0.08122344613075257,0.23174724876880645,0.15557819306850434,0.012973681278526782,0.06816514879465103,-0.0637737475335598,0.1733685851097107,-0.1900004267692566,0.05520987957715988,0.11758416742086411,0.13432411551475526,0.05279296524822712,0.04009909247979522,-0.16048955619335176,0.011658621765673161,0.19580739438533784,-0.17089695036411284,0.1518768474459648,0.13015158027410506,-0.13166324645280839,-0.12379280924797058,-0.038299883529543874,0.2037132740020752,0.12049400955438613,-0.1165009543299675,-0.2268301725387573,0.1572347491979599,-0.11007375568151474,-0.06474789083003998,0.074574064463377,-0.10301533937454224,-0.11550429165363311,-0.2476574331521988,0.09074911624193191,0.4221646189689636,0.14797643423080445,-0.19807998239994049,-0.0035179297439754008,-0.04660174995660782,0.011973172426223755,0.04474686626344919,0.04794326461851597,-0.08298281058669091,-0.1049501821398735,-0.030496253073215483,0.07692770883440972,0.24271049499511718,-0.0013245554640889169,-0.017878887616097926,0.16532725393772124,0.057958870008587834,0.027941197156906128,-0.042496309895068404,0.08104256838560105,-0.17123036086559296,-0.044441168755292894,-0.09714850932359695,-0.002192074805498123,0.06640989668667316,-0.019234401918947697,0.06616213396191598,0.12562593072652817,-0.18042346835136414,0.25968618094921114,-0.04018029905855656,-0.018957921490073203,-0.0299635112285614,0.06215646229684353,-0.06883936580270529,-0.005621295794844628,0.17248789966106415,-0.24571601748466493,0.24651991724967956,0.20039353668689727,-0.0043996647000312805,0.09671950042247772,0.11625054478645325,0.02607003357261419,0.07431991100311279,0.06213688999414444,-0.1444542735815048,-0.16846934258937835,0.01612422224134207,-0.10217590034008026,0.0887646235525608,0.05290383324027061",Known person(Football player)
Donia Samir Ghanim,"-0.15793058772881827,0.08723024154702823,0.031202889202783506,-0.08304870252807935,-0.10984037940700848,-0.04973794729448855,-0.05130282510071993,-0.1453678235411644,0.24975132942199707,-0.1382732813556989,0.14814438670873642,-0.08109069056808949,-0.1976240947842598,0.044084620041151844,-0.06935432429114978,0.15234765162070593,-0.15956684947013855,-0.14539913708964983,-0.02420406478146712,-0.07638225642343362,0.11018154273430507,0.028499694541096687,-0.018846755536894005,0.17779075354337692,-0.18002022554477057,-0.3658268203337987,-0.05660460299501816,-0.0533258014669021,-0.01590875784556071,-0.12125614657998085,0.03241821719954411,0.10049694528182347,-0.2235357811053594,-0.019062462262809277,0.007646267147113879,0.18518610298633575,-0.025208848683784407,-0.10390075544516246,0.10968795542915662,0.013734270663311085,-0.2548956995209058,-0.04182492848485708,0.08525240545471509,0.2714020361502965,0.20855318009853363,-0.013463487460588416,-0.007040831260383129,-0.14310393730799356,0.13548727706074715,-0.2597876737515132,0.017374044749885798,0.14857706551750502,-5.505916972955068e-05,0.09454165274898212,0.10761051873366038,-0.16376501445968947,0.06661914971967538,0.04579414427280426,-0.2196501543124517,-0.015267398169574639,0.07410602543192606,-0.07189871991674106,0.002416684292256832,-0.07637059253950913,0.151485255608956,0.13442972426613173,-0.053791564578811325,-0.1538404698173205,0.16105343525608382,-0.25262374182542163,-0.04413910877580444,0.09297332043449084,-0.06609999760985374,-0.2268678272763888,-0.2870249922076861,-0.020129738996426266,0.3118165483077367,0.21239566057920456,-0.12617326031128565,0.11069189632932346,-0.01029333658516407,-0.011929002668087682,0.06096883583813906,0.1377976251145204,0.01058211363852024,0.07602723004917304,-0.06483517649273078,0.09717661452790101,0.1802542805671692,0.014859001928319534,0.029820677960136283,0.2857593446969986,0.00034795251364509266,-0.07101859586934249,0.07311752252280712,0.10530161981781323,-0.20758458723624548,0.03495119387904803,-0.16280836363633475,-0.06904280930757523,0.0508972325672706,0.034095357482632004,0.03810161856623987,0.09818003575007121,-0.24431791404883066,0.20877636720736822,-0.050022374760980405,-0.05637900531291962,-0.027599784235159557,-0.039926724353184305,-0.05637295916676521,-0.019765303159753483,0.13833675409356752,-0.24200765043497086,0.14876128484805426,0.13013357917467752,0.01887041617495318,0.19613187511761984,0.005762308758373062,0.06796390532205503,0.003318089060485363,-0.0664596149387459,-0.12104606442153454,-0.02072237249619017,0.012339791360621652,-0.05955087145169576,-0.005086151417344809,-0.0017141286904613178",Known person(Actress)
Fouad el mohandes,"-0.07553574740886689,0.09511826671659947,0.08262543603777886,0.05529142618179321,0.0072453978005796674,-0.028881996870040894,-0.026282604038715362,-0.166424959897995,0.12122418880462646,-0.10651814788579941,0.206146240234375,-0.019572940282523633,-0.17247050404548644,-0.052764247311279176,-0.025140813458710908,0.12073747217655181,-0.11546070277690887,-0.12721056640148162,-0.10457431972026825,-0.0691228698939085,0.04979364573955536,0.005224608606658876,0.041992836724966766,-0.007158762589097023,-0.12849492579698563,-0.3134733855724335,-0.0942513644695282,-0.13034089654684067,0.046862564608454706,-0.07028925493359565,-0.009628492966294288,-0.013900321628898381,-0.16897955685853958,0.023545343056321145,-0.0032137844711542128,0.07523460984230042,-0.02816503755748272,-0.073626459389925,0.22396389544010162,0.00017373356968164444,-0.14940494298934937,0.0635870922356844,0.08930137902498245,0.19878569841384888,0.1811494290828705,0.016763670789077877,0.024354825541377068,-0.09535449892282485,0.08275290057063103,-0.17398447394371033,0.08418633341789246,0.13770998567342757,0.11416881829500199,0.1124057799577713,0.08486298993229865,-0.18080877065658568,0.017989787831902505,0.05699851177632809,-0.17216764390468597,0.10202313661575317,0.087858285009861,-0.014900312200188637,-0.036828071996569636,0.029210430732928217,0.19973385632038115,0.12627387195825576,-0.13465292304754256,-0.08566988632082939,0.14820751547813416,-0.1490958034992218,-0.021936750784516335,0.004877436347305775,-0.13483129888772966,-0.17251039147377015,-0.26389645636081693,0.06987849622964859,0.42971336245536806,0.11948608905076981,-0.16488830596208573,0.008693902008235454,-0.09354927912354469,-0.046663935855031015,0.02810712344944477,0.06416950821876526,-0.10807563811540603,-0.05097251646220684,-0.08622026294469834,0.05283676385879517,0.17722652554512025,0.0467585064470768,-0.03555990792810917,0.18917172253131867,-0.047362306341528895,-0.0033584685996174814,-0.022374004870653153,0.05066502206027508,-0.1441901743412018,-0.02562745288014412,-0.11072438508272171,-0.06024586111307144,0.008645595237612724,-0.09785976260900497,0.0028701587580144405,0.13123834133148193,-0.1944883644580841,0.13268628120422363,-0.004678018763661385,-0.03277359213680029,0.025929289869964123,0.09100737422704697,-0.13839231729507445,0.006508232653141021,0.1308971330523491,-0.19713687002658845,0.2331328272819519,0.1517932876944542,0.06868775114417076,0.10972960144281388,0.11645276844501495,0.10781020820140838,0.009754645079374314,0.023049669340252876,-0.18678492903709412,-0.07400390654802322,-0.026481900364160538,0.011456070467829704,0.05290800742805004,0.07929630726575851",Known person(Actor)
Hana elzahed,"-0.08336956650018693,0.08995156437158584,0.09876231998205184,-0.114788818359375,-0.1357222765684128,0.039434300689026716,-0.10350165963172912,-0.07054411992430687,0.1994057983160019,-0.11984148919582367,0.1004963457584381,-0.0606761584058404,-0.14371858388185502,0.10376498326659203,-0.050237656012177466,0.19649453461170197,-0.19081490635871887,-0.13995098322629929,-0.038938770443201064,-0.018295638635754584,-0.01384422304108739,0.03613670989871025,-0.017238176614046096,0.10345888882875443,-0.13599838614463805,-0.3598752021789551,-0.07286103069782257,-0.01849908009171486,-0.06412425115704537,-0.0906797468662262,-0.026208803057670593,0.13370966017246247,-0.1905508130788803,0.010345160029828548,0.03225370142608881,0.1494217813014984,-0.010244431532919407,-0.09956374615430832,0.14793598055839538,0.09342001900076866,-0.20161497294902803,-0.024782690592110156,0.08505662009119988,0.2848441660404205,0.20671834349632262,0.01100033950060606,0.022670698724687098,-0.05490619037300348,0.18219746351242067,-0.26116940677165984,0.01640414074063301,0.166480752825737,0.05584670715034008,0.10111926794052124,0.09107352793216705,-0.13326964229345323,0.048208586126565936,0.07316178642213345,-0.09919759780168533,0.05321717783808708,0.034894322603940965,-0.0351931793615222,0.07082366235554219,-0.1335889905691147,0.22640581727027892,0.1037933349609375,-0.08412728309631348,-0.12471201717853546,0.14097702801227568,-0.07779892757534981,-0.10393591225147247,-0.024058292526751755,-0.16918866336345673,-0.18762243390083314,-0.29702299237251284,-0.025169860385358334,0.32186753749847413,0.16066526174545287,-0.17169805467128754,0.07242127694189548,-0.02452549450099468,-0.08451524153351783,-0.017070278339087964,0.1982358694076538,-0.000648709200322628,0.06522631198167801,0.005227430816739797,0.08086820766329765,0.2725880891084671,-0.03094582390040159,0.01458670264109969,0.22998432219028472,-0.04260391052812338,0.0054500939324498175,-0.03680168585851788,0.032542021945118904,-0.12266661822795868,0.060079135745763776,-0.1747637540102005,-0.01127007817849517,-0.02400097530335188,0.008866828680038453,0.0028131254017353057,0.15074333548545837,-0.26030655205249786,0.17050567269325256,-0.01608706321567297,-0.024748663790524005,-0.05244591310620308,0.050575139163993296,-0.12210858464241028,-0.025611414387822152,0.17991615533828736,-0.2112788051366806,0.1473347321152687,0.19605744481086732,0.014110373752191662,0.11784272938966751,0.04834356456995011,0.08260454311966896,0.05702436417341232,0.020159691199660303,-0.11088441014289856,-0.05634649321436882,0.047309869527816774,-0.02001013457775116,-0.03842879980802536,0.08738562017679215",Known person(Actress)
Hoda el mufty,"-0.19276121507088342,0.10171474268039067,0.040288856253027916,-0.0767287624378999,-0.14333530515432358,-0.021816764414931338,-0.06535596090058486,-0.09512573728958766,0.2614661231637001,-0.15426895767450333,0.17724572122097015,-0.014103457254047195,-0.17062058051427206,0.0724782186249892,-0.13885859275857607,0.13762986411650976,-0.19950774808724722,-0.09915764505664508,0.008194658284386,-0.04218988430996736,0.13340192288160324,0.0011915250215679407,0.02783700334839523,0.1478191427886486,-0.15183168898026148,-0.33809320131937665,-0.09296367006997268,-0.08305998953680198,0.008981973553697268,-0.10971932982405026,0.017636368206391733,0.023337886901572347,-0.2373048389951388,-0.012774913882215818,-0.024379432046165068,0.1590572645266851,-0.013546293756614128,-0.04985750963290533,0.12228641534845035,0.01675094213957588,-0.23936694115400314,-0.022566297246764105,0.04229669629906615,0.24122331043084463,0.1879696622490883,0.0636217469194283,0.004463502671569586,-0.12208080664277077,0.11112524382770061,-0.19593679656585059,0.036795517429709435,0.1603769858678182,0.04167892108671367,0.04056305531412363,0.04740056612839302,-0.1500427486995856,0.05286549838880698,0.0995442233979702,-0.17724649359782538,-8.318278317650159e-05,0.10049202851951122,-0.06280775678654511,0.022312453637520473,-0.055032901310672365,0.2117401584982872,0.11675581336021423,-0.10611488670110703,-0.14506986737251282,0.17706984281539917,-0.2282387986779213,-0.02673182652021448,0.08963297431667645,-0.09372564529379208,-0.22382047275702158,-0.24362922459840775,0.01668560365214944,0.4522692710161209,0.21138674269119898,-0.07048535284896691,0.08972440970440705,-0.06848036622007687,-0.037090019012490906,0.018489666050300002,0.1937074139714241,-0.03062699642032385,0.07155965454876423,-0.05967515831192335,0.0611710287630558,0.15639535586039224,0.036078440956771374,0.005129598469162981,0.21707584460576376,-0.007216677845766147,-0.01817035737137,0.022117395419627428,0.034542136980841555,-0.20013050238291422,0.025158519235750038,-0.1068026212354501,-0.05169021772841612,-0.0794999251763026,0.0002446644939482212,-0.01627334028792878,0.08299701039989789,-0.19516322016716003,0.17294899374246597,-0.07309912952284019,-0.07139092249174912,-0.07529902396102746,0.015204791290064653,-0.06672618786493938,-0.030174894568820793,0.12272451942165692,-0.2544165179133415,0.16261413196722665,0.14764611050486565,0.047592531656846404,0.21838329484065375,0.06571887123088042,0.11905661597847939,0.030098552505175274,-0.008620911898712317,-0.14786792049805322,-0.041723122276986636,0.021364797217150528,-0.12683862199385962,0.10590963065624237,-0.022077679478873808",Known person(Actress)
karim abdelziz,"-0.02236516820266843,0.07968987058848143,0.022613627836108208,-0.051235299557447433,-0.019530006917193532,0.018572833854705095,-0.022777948761358857,-0.09369783848524094,0.2115173488855362,-0.05941179255023599,0.08763387799263,-0.046610384015366435,-0.24892520904541016,-0.062475319020450115,-0.01679910346865654,0.1134610129520297,-0.17142199724912643,-0.18092124536633492,-0.09518280066549778,-0.0971539756283164,-0.035719747422263026,0.056071639992296696,0.010428489418700337,-0.029742027632892132,-0.14961694180965424,-0.33490558713674545,-0.07001466490328312,-0.15642298012971878,0.058339804876595736,-0.14214477129280567,-0.01846825610846281,0.020331210689619184,-0.1836555041372776,-0.048132168129086494,0.027672627475112677,0.03428258141502738,0.010959714243654162,-0.017344939056783915,0.1717093326151371,0.10864759422838688,-0.15738076344132423,0.009308321867138147,0.05125989392399788,0.296495258808136,0.15627558156847954,0.06766849011182785,-0.04044229304417968,-0.0050995321944355965,0.11359962821006775,-0.2282085195183754,0.12704988569021225,0.14447129517793655,0.08999544382095337,0.0651765838265419,0.1797468364238739,-0.1743307188153267,-0.027506383834406734,0.04409148218110204,-0.20124253630638123,0.1345469132065773,0.09080979973077774,0.041603908874094486,-0.04563882271759212,-0.03384164208546281,0.15425363555550575,0.05973843112587929,-0.10858269408345222,-0.11214502528309822,0.0877484455704689,-0.16125665605068207,0.0020983441499993205,0.0049656875198706985,-0.0905544850975275,-0.10888155363500118,-0.28388749808073044,0.05150121357291937,0.3406943380832672,0.09639598615467548,-0.1446878556162119,-1.0686926543712616e-06,-0.024363322998397052,-0.06933221500366926,0.03493319917470217,0.01802514516748488,-0.0969624686986208,0.042320732260122895,-0.0204384857788682,0.00708907307125628,0.11639857850968838,0.02581377630122006,-0.030715288361534476,0.17027711495757103,-0.12192675098776817,-0.029438755474984646,-0.015428988263010979,0.04386391560547054,-0.15379298105835915,-0.024404510855674744,-0.08515820279717445,-0.0350250827614218,0.06187927257269621,-0.12987683713436127,-0.004930872586555779,0.12078393623232841,-0.18491829186677933,0.09377934038639069,0.004308256669901311,-0.04943005461245775,-0.013312555383890867,0.11560874246060848,-0.1490338258445263,-0.06432213820517063,0.17882632091641426,-0.26672033220529556,0.21443543955683708,0.20871258527040482,-0.03292590007185936,0.052245497703552246,0.011109796934761107,0.040635036304593086,-0.0025334800593554974,0.08987956494092941,-0.09958910010755062,-0.14255518093705177,-0.03941735834814608,-0.00041638745460659266,-0.026503673056140542,0.04690672131255269",Known person(Actor)
Maradona,"-0.08628813922405243,0.14032208174467087,0.05706494549910227,-0.018085878652830917,-0.056811860452095665,-0.013015614822506905,-0.03875003941357136,-0.045445178945859276,0.11535277217626572,-0.025405894344051678,0.18865008155504862,-0.010140521607051292,-0.1977612574895223,-0.052493635565042496,-0.09960150718688965,0.10646353662014008,-0.20928648114204407,-0.12347933153311412,-0.12144839763641357,-0.009040283970534801,0.093586765229702,0.015796158462762833,0.06536197414000829,0.004386563474933307,-0.1410896728436152,-0.2916056215763092,-0.0816648763914903,-0.13119270900885263,0.011845695165296396,-0.08312851563096046,-0.027861975754300754,-0.028232598987718422,-0.2234253833691279,-0.09370215237140656,0.0196693226074179,0.029331739991903305,-0.02139930349464218,-0.020662592103083927,0.16793384154637656,-0.004845265919963519,-0.17540050546328226,0.11548986534277599,0.10751112302144368,0.2631629357735316,0.261139581600825,0.0879763017098109,-0.05264690766731898,-0.007436027439932029,0.11588817338148753,-0.21591696639855704,0.06132905123134454,0.1289880300561587,0.20666053891181946,0.10322815055648486,0.11572100470463435,-0.11907086769739787,0.03575875610113144,0.0924864336848259,-0.13408058136701584,0.03269855251225332,0.019271519035100937,-0.02694393942753474,0.08710283413529396,-0.02449101147552331,0.14427105337381363,0.01739773650964101,-0.10239385068416595,-0.10086798419555028,0.0901853417356809,-0.1348801056543986,-0.01175694540143013,0.08317341655492783,-0.10326739152272542,-0.14061770339806876,-0.2623666127522786,0.03398507088422775,0.3862096468607585,0.13907249023516974,-0.15525759756565094,-0.012815334523717562,-0.06113097940882047,-0.05750613659620285,-0.028348665684461594,0.010689698159694672,-0.11596855024496715,0.012371054540077845,-0.12299808114767075,0.02842472804089387,0.1879570335149765,-0.025905112425486248,-0.04185639011363188,0.20665086805820465,-0.018605814315378666,-0.005121616957088311,0.025243078048030537,0.01514655320594708,-0.12641598284244537,0.017768479883670807,-0.1354846010605494,0.022753998637199402,-0.040450540060798325,-0.09869856387376785,-0.05141254204014937,0.07392239570617676,-0.13093523929516473,0.03199204926689466,-0.03424860195567211,-0.02153485765059789,-0.11505218346913655,0.045703139156103134,-0.1488834172487259,-0.0018052062951028347,0.11579144497712453,-0.23104938368002573,0.21450331807136536,0.18322226405143738,0.0009410027414560318,0.06877507517735164,0.0970128799478213,-0.0007383733366926511,-0.005587324189643065,0.02919316664338112,-0.10640912254651387,-0.1345315327246984,0.07075422878066699,-0.031447305188824735,0.11991422126690547,0.02749903655300538",Known person(Football player)
Mayan elsayed,"-0.137120558321476,0.03646372146904468,0.04119950234889984,-0.10421685129404068,-0.11658505946397782,0.029049557447433472,-0.04748193062841892,-0.07117496430873871,0.20862741470336915,-0.22878605127334595,0.16653246581554412,-0.07981151640415192,-0.19878434836864473,0.08997132554650307,-0.10576579421758651,0.1278724804520607,-0.11259313523769379,-0.18930318653583528,-0.0365110233426094,-0.057710867188870904,0.07404658496379853,0.011731722578406333,-0.05074923299252987,0.10507146567106247,-0.15611487329006196,-0.39108253717422486,-0.09554526582360268,-0.09697135090827942,-0.03728963602334261,-0.06301852576434612,0.037782002426683906,0.037129821814596654,-0.21299054026603698,0.023656348511576653,-0.010313704423606396,0.1318092405796051,-0.00868968591094017,-0.07630314081907272,0.18716318607330323,0.032885305024683474,-0.29031355381011964,-0.01105683334171772,0.08366451784968376,0.26807870864868166,0.1257109299302101,-0.0023666616529226304,-0.008851901441812516,-0.07446208894252777,0.10984519273042678,-0.26210432648658755,0.08636954501271248,0.16250198036432267,0.08903475999832153,0.09227681308984756,0.08988147377967834,-0.07595339715480805,0.05880235210061073,0.11733559668064117,-0.18371279239654542,0.04283272288739681,0.08223670423030853,-0.05091051235795021,0.039811615273356436,-0.07085305079817772,0.22536771595478058,0.12493084520101547,-0.1103322297334671,-0.12812923938035964,0.18113324344158171,-0.19880899786949158,-0.023182224947959185,0.13361603021621704,-0.10175863429903984,-0.21990153789520264,-0.21833207607269287,0.06988902390003204,0.46050021052360535,0.2343571037054062,-0.08552767112851142,0.05005200207233429,-0.09135251194238662,-0.049198617413640025,0.08189586848020554,0.13504960685968398,0.03630279153585434,0.0017264828085899353,-0.02255544299259782,0.08682486340403557,0.23920177817344665,0.020147418044507502,-0.04487448632717132,0.2122399926185608,-0.018882282450795172,-0.03712901286780834,0.000316437054425478,0.09596242159605026,-0.1575675219297409,-0.011085923388600349,-0.11104990392923356,-0.02199934497475624,-0.03670383580029011,0.03024176973849535,-0.027097281347960234,0.10213465690612793,-0.20461925268173217,0.15079007744789125,-0.06631466001272202,-0.08814845085144044,-0.013147379644215107,0.06819360628724098,-0.053344258293509486,-0.05340484902262688,0.11133537590503692,-0.2686103194952011,0.12170569896697998,0.1164618194103241,0.022792093642055988,0.17215884625911712,0.04927486404776573,0.05114542655646801,0.04132640473544598,-0.10129411071538925,-0.19342467784881592,-0.08928179889917373,0.04140694290399551,-0.010260036401450633,0.05565330386161804,-0.011150217615067959",Known person(Actress)
Messi,"-0.1040976271033287,0.13320356011390685,0.012782569508999586,-0.07958118543028832,-0.1816035181283951,0.09506895542144775,-0.04171130396425724,-0.05587725192308426,0.13390127718448638,-0.03163185715675354,0.25039798617362974,-0.009189188852906227,-0.2590051740407944,-0.0037653999403119086,-0.05372780822217464,0.12929310649633408,-0.17191873788833617,-0.028641091845929622,-0.1341075763106346,-0.16630414724349976,-0.05187366828322411,0.10297191441059113,0.012168520130217075,0.044578625820577145,-0.11301741600036622,-0.2509353280067444,-0.026780327223241328,-0.13980014771223068,0.123606376349926,-0.15995514988899232,0.006261429935693741,0.049900376796722413,-0.10382799655199051,-0.04913282990455627,0.04470304921269417,0.01652596816420555,-0.07257458381354809,-0.13953236043453215,0.21676375567913056,-0.04600928276777268,-0.06126077622175217,0.05377144180238247,0.12361640483140945,0.2539473682641983,0.1534071832895279,-0.006732492032460869,0.02816093750298023,-0.04589487966150045,0.1784386545419693,-0.2041288286447525,0.08214901983737946,0.10723594874143601,0.16727636754512787,0.08222509883344173,0.06906185448169708,-0.19231167435646057,-0.020749739184975625,0.16401721835136412,-0.18665908575057982,0.08750004470348358,0.06484307795763015,-0.027650358527898787,-0.10369353294372559,-0.10946138948202133,0.2012680858373642,0.1763428270816803,-0.12133539617061614,-0.19804940968751908,0.12811840176582337,-0.14165938794612884,-0.08701325487345457,0.0556688480079174,-0.12493709623813629,-0.09080959185957908,-0.19099205434322358,0.07782315090298653,0.2925232291221619,0.1620493322610855,-0.1685013473033905,-0.007638188078999519,-0.024313089111819862,-0.03183068446815014,-0.04236363545060158,0.052148185297846796,-0.14026497751474382,-0.10941546857357025,-0.005809285677969456,-0.009424031525850297,0.16245585680007935,0.008790352568030357,-0.04937323816120624,0.21873531341552735,0.05140887424349785,-0.038987270928919314,0.02730957791209221,0.003559747897088528,-0.15547118633985518,-0.06226319298148155,-0.0396032951772213,-0.0075714529491961,0.040822315774857995,-0.15171620547771453,0.02511841133236885,0.08623023182153702,-0.1960400938987732,0.21272731721401214,-0.057344303280115125,0.030178456008434294,0.0475178599357605,0.026841206289827824,-0.06723747029900551,0.03208334930241108,0.2316372960805893,-0.25804977118968964,0.24035185277462007,0.10395323261618614,0.06517492644488812,0.1441563829779625,0.09594395607709885,0.10712128132581711,0.01915148887783289,0.0726794108748436,-0.11924634277820587,-0.15460004210472106,0.051975923404097554,-0.1168974757194519,0.038888095319271086,0.05317639335989952",Known person(Football player)
mohammed sallah,"-0.13514311015605926,0.13361055999994279,0.08043850809335709,-0.028724527917802334,-0.05339530929923057,-0.05571847669780254,-0.003656186908483505,-0.02364279106259346,0.1917867213487625,-0.0012469020672142505,0.209591743350029,-0.015022085420787335,-0.20457940101623534,-0.06002471446990967,-0.0720652375370264,0.10776457190513611,-0.1844598352909088,-0.13754964023828506,-0.0649803876876831,-0.12151974886655807,0.061431171372532845,0.015352516621351241,-0.014555471949279308,0.03886853326112032,-0.20162709355354308,-0.2868026584386826,-0.030348920077085496,-0.16663300693035127,0.02255122400820255,-0.15037332326173783,0.07623394504189492,0.02461326476186514,-0.14139477610588075,-0.06239556148648262,-0.03274892792105675,0.0412964653223753,0.025309329107403754,-0.006763748824596405,0.20276458263397218,0.043173158541321754,-0.1422930896282196,0.06526505229994654,0.029656435549259185,0.3601468503475189,0.12916381359100343,-0.0009584981948137283,0.041385728120803836,-0.017180716246366502,0.10761184692382812,-0.2472073495388031,0.06351561546325683,0.14279398173093796,0.12871015667915345,0.03553637098520994,0.12973417192697526,-0.12529730349779128,-0.02347231060266495,0.09271779507398606,-0.2356600880622864,0.10535912364721298,0.09410717040300369,0.020191076211631298,-0.03556381780654192,-0.0671360470354557,0.18877047598361968,0.11593526750802993,-0.11211147904396057,-0.08983013555407524,0.1169544592499733,-0.11879661232233048,-0.03324919529259205,0.07015060931444168,-0.07573219910264015,-0.11409721970558166,-0.25476202368736267,0.07789959758520126,0.4004968345165253,0.0931622639298439,-0.14228030741214753,0.026276458241045474,-0.14082112908363342,-0.012934619560837746,-0.0011881569400429726,-0.04749148041009903,-0.1395453155040741,0.04292258433997631,-0.07169922962784767,0.056038889288902285,0.1178415670990944,0.05426012203097343,-0.03779057841747999,0.15714898556470872,0.011887197941541671,-0.04744211845099926,0.026903553307056426,0.008591537922620773,-0.1348012000322342,-0.00257948599755764,-0.07538774609565735,0.006678466871380806,0.0204378517344594,-0.12760376781225205,0.03338336134329438,0.027619794011116028,-0.19728821218013765,0.1108109176158905,0.023798990063369274,-0.025437650084495545,-0.049419154226779935,0.1416301280260086,-0.14028069972991944,0.000317874550819397,0.18101122677326204,-0.284899628162384,0.2099650114774704,0.1435053437948227,0.0029441061895340683,0.1073172703385353,0.05639784932136536,0.025211157277226448,-0.0551576629281044,0.028468804061412813,-0.042710666358470914,-0.07713906541466713,0.0012566423043608665,-0.03561324793845415,0.07990137338638306,0.05561869740486145",Known person(Football player)
Tamer hosny,"-0.17756710946559906,0.12072882652282715,-0.0019512847065925598,-0.01653208490461111,-0.07590083256363869,-0.028088821470737456,0.02391572780907154,-0.02159449104219675,0.16330426186323166,-0.036651439219713214,0.13814654797315598,-0.02247478784993291,-0.1994890183210373,-0.06825921535491944,-0.05567068904638291,0.058413369208574296,-0.16282808482646943,-0.17301830649375916,-0.09561825655400753,-0.08113498166203499,0.07494456693530083,0.02812896508257836,0.015784753439947962,0.04895328246057033,-0.14667057394981384,-0.4016080617904663,-0.07934000045061111,-0.09651452600955963,0.11260936409235,-0.162690669298172,0.003943423740565777,-0.040963341295719144,-0.24663306176662445,-0.0933220162987709,-0.023397021181881427,0.07734634652733803,0.0017513237427920104,-0.06381203606724739,0.1455046057701111,0.008142781257629395,-0.1619965761899948,-0.01864791288971901,0.08225652575492859,0.3787590563297272,0.13517502844333648,0.07286602705717087,-0.024045268073678017,-0.022279793582856654,0.08287540003657341,-0.194731667637825,0.11428456753492355,0.1396772086620331,0.06515606753528118,0.033805324137210845,0.08143153488636017,-0.10227849185466767,0.026414201036095618,0.1106670305132866,-0.21643451750278472,0.0892208233475685,0.05850340947508812,0.028869822435081006,-0.016955949924886228,-0.03457858618348837,0.19864835739135742,0.07597780004143714,-0.06629595048725605,-0.14337276071310043,0.10533452332019806,-0.23685899674892424,0.02241144869476557,0.02671800646930933,-0.039438119158148766,-0.15537966191768646,-0.2505145937204361,0.04393124580383301,0.4211195409297943,0.15684309005737304,-0.11269048154354096,0.061709921807050705,-0.10840496867895126,-0.07068547010421752,0.11869672238826752,0.03760874755680561,-0.13388909101486207,0.08187249153852463,-0.15497873723506927,0.08180053234100342,0.21068479120731354,0.07486016824841499,-0.05444325730204582,0.18566246926784516,0.022987062856554986,-0.0587702140212059,0.07784693092107772,0.00988465193659067,-0.18318639397621156,0.003302936814725399,-0.13160751909017562,-0.0344438461586833,0.0410364044830203,-0.09499896056950093,-0.04021137971431017,0.09809924215078354,-0.15803015232086182,0.11151257455348969,0.0555763341486454,-0.01665194146335125,-0.008724913373589516,0.0387403127271682,-0.16762470304965973,-0.1127206489443779,0.11277207136154174,-0.23990303575992583,0.1556723177433014,0.16943753957748414,0.051597853936254975,0.15423808097839356,0.08909078538417817,0.025302290543913843,0.032551595382392405,0.016308041289448738,-0.1251186966896057,-0.03705065101385117,0.034259896725416183,-0.051808925718069075,0.0899897349998355,0.025232470687478782","Known person(Actor,Singer)"
Tara emad,"-0.21382669607798258,0.1114289623995622,0.11994879816969235,-0.04797757354875406,-0.16707267860571542,-0.034782338266571365,-0.05113310335824887,-0.0603851747388641,0.14486616353193918,-0.1511770859360695,0.15641922876238823,-0.045098524540662766,-0.17522699385881424,0.019235974876210093,-0.0820536445826292,0.20340344806512198,-0.18193447838226953,-0.14968923355142275,-0.05080922755102316,-0.08628418793280919,0.06535134588678677,0.038089577263842024,0.05665000186612209,0.1256174606581529,-0.16357388347387314,-0.38414599001407623,-0.015365292395775517,-0.024189850160231192,0.009772717952728271,-0.10542155305544536,0.008113629184663296,0.06234673007080952,-0.2112719938158989,0.010387416929006577,-0.007987347897142172,0.21707715094089508,-0.060079487351079784,-0.07756797131150961,0.14896742006142935,0.04420996457338333,-0.3240395188331604,-0.010983733848358193,0.02775893344854315,0.31876728932062787,0.26624825596809387,-0.014699454846171042,0.038906353836258255,-0.08667164978881677,0.1473950743675232,-0.2677401552597682,0.006801859165231387,0.15330485502878824,-0.008801745716482401,0.022529389864454668,0.04090254691739877,-0.14706306407848993,0.02165058006842931,0.12515601391593614,-0.16780715684096018,-0.03204998001456261,0.09281623115142186,-0.12684654692808786,0.04306321032345295,-0.08131041067341964,0.1635780098537604,0.11261436591545741,-0.10564877341190974,-0.1729828268289566,0.19677161425352097,-0.20898671199878058,0.004519111088787516,0.1590091014901797,-0.09112402175863583,-0.1977043648560842,-0.3009254187345505,0.004114800443251927,0.4302225063244502,0.1730895588795344,-0.05505949320892493,0.01782558284079035,-0.038934484434624515,0.03432164372255405,0.0547096940378348,0.21666323145230612,-0.03023943832765023,0.06624492692450683,-0.10227693244814873,0.07982845480243365,0.1620637079079946,0.024455752223730087,-0.0641471619407336,0.19160674015680948,0.04196332457164923,-0.03405114480604728,0.06624666042625904,0.10367102858920892,-0.20056646565596262,0.0277207816640536,-0.16642124950885773,-0.04289064680536588,-0.06328707126279672,-0.04360939065615336,0.014060106438895067,0.08856302375594775,-0.14675566429893175,0.21371168394883475,-0.07799525248507659,-0.00873359696318706,-0.08942781761288643,-0.013693168371294936,-0.05216164824863275,0.00683997618034482,0.10686047871907552,-0.2325007220109304,0.1236852469543616,0.2056132728854815,0.027964636373023193,0.2063173701365789,0.11198508366942406,0.07253899052739143,-0.01823202132557829,-0.03937099998195966,-0.11971966549754143,-0.031176891177892685,-0.0005375119702269634,-0.07245815234879653,0.11635739852984746,0.007550886444126566",Known person(Actress)
Tom holland,"-0.1598902978003025,0.09439386427402496,0.022282735211774707,-0.010999179678037763,-0.1274357158690691,0.025533069856464863,-0.01205894211307168,-0.04105573706328869,0.09548671543598175,-0.11211922764778137,0.23483270034193993,0.01712186075747013,-0.29195330291986465,-0.07907195203006268,-0.023566299583762884,0.14781085774302483,-0.12432326748967171,-0.14751967787742615,-0.08520597964525223,-0.10510219819843769,0.06435632985085249,0.07983101904392242,-0.03266387293115258,0.05690169660374522,-0.18165912106633186,-0.238269854336977,-0.0679806461557746,-0.07943869009613991,0.054824948543682694,-0.1475738249719143,0.012152062961831689,-0.010400841711089015,-0.11631915532052517,-0.014706457033753395,0.020368389785289764,0.08361055701971054,-0.09403728693723679,-0.05329787125810981,0.26307110488414764,0.032946302788332105,-0.2293267659842968,0.003319991985335946,0.08095654100179672,0.336631178855896,0.1453699953854084,0.013503547292202711,0.03295533545315266,-0.019679790595546365,0.18291131779551506,-0.32389751076698303,0.11035001650452614,0.11903557926416397,0.22462115436792374,0.10149310156702995,0.0013281609863042831,-0.197653878480196,0.0035558543168008327,0.21686097607016563,-0.2469615377485752,0.12485743127763271,0.050704061053693295,-0.1859334632754326,-0.013629769440740347,0.04257376631721854,0.18529615551233292,0.11533138528466225,-0.11977507546544075,-0.148005997762084,0.19492243602871895,-0.20381204411387444,-0.05752631276845932,0.16868791729211807,-0.06279298663139343,-0.21537892520427704,-0.2840052396059036,0.09253828786313534,0.3788069114089012,0.17062297090888023,-0.09169268235564232,0.014809239655733109,-0.005067705293186009,0.017018149606883526,0.039935697335749865,0.09482613764703274,-0.13137111626565456,-0.010644285241141915,-0.10898608900606632,0.05443350784480572,0.240615863353014,-0.02536989375948906,-0.050425115041434765,0.2619721256196499,0.11953302659094334,0.040649638744071126,0.08194489777088165,0.064674012362957,-0.04638744564726949,-0.07732558622956276,-0.049757740925997496,0.02417250443249941,0.02509868424385786,-0.14902069978415966,0.058004874270409346,0.03130117477849126,-0.16863320022821426,0.22378744184970856,-0.022775867488235235,0.0018487393390387297,-0.0691732014529407,-0.015708188177086413,-0.08607372548431158,0.02594388648867607,0.15420885756611824,-0.28087911009788513,0.20712627097964287,0.17510483413934708,0.0652449456974864,0.185072373598814,0.12597635947167873,0.018794878385961056,0.026248965645208955,-0.11464799381792545,-0.12783069163560867,-0.09109642915427685,0.10220452211797237,-0.07258937321603298,0.13322111777961254,0.05390908243134618",Known person(Actor)
Zidane,"-0.12160527110099792,0.09170530289411545,0.02799171954393387,-0.03708135895431042,-0.11099495887756347,-0.04073370741680264,0.03394820764660835,-0.03156585823744536,0.0930169701576233,0.02382907932624221,0.269331568479538,-0.0411410647444427,-0.27045347094535827,-0.1291872665286064,-0.07040421962738037,0.07136319875717163,-0.21859040558338166,-0.0489102479070425,-0.13180759251117707,-0.05741183198988438,0.07935881093144417,0.0224173741415143,0.049899963289499284,-0.02759622149169445,-0.0888249158859253,-0.38716464042663573,-0.012912393175065517,-0.0650636687874794,0.09065793007612229,-0.181987863779068,0.05557963289320469,0.09180909246206284,-0.1855712652206421,-0.06644916385412217,-0.006085140816867352,0.07389444410800934,0.02490350231528282,-0.005361776798963547,0.20513243675231935,-0.022037517465651035,-0.14744155555963517,0.09607951119542121,0.03251765929162502,0.2973397642374039,0.21215662658214568,-0.00547244087792933,-0.031330200284719466,-0.07884567249566317,0.11434484720230102,-0.30524192452430726,0.008727380074560642,0.2224903404712677,0.02746442733332515,0.035659969039261344,0.06047901175916195,-0.10224292725324631,-0.008397803083062172,0.08377185761928559,-0.21623347997665404,0.06438291072845459,0.028863436728715896,-0.07542682513594627,-0.06316906213760376,-0.09570414125919342,0.09949633181095123,0.0545373123139143,-0.12331073433160782,-0.14595491737127303,0.10334650576114654,-0.1658972293138504,-0.029049347806721925,0.04757872335612774,-0.09231238886713981,-0.15337355434894562,-0.2728920757770538,0.06608104407787323,0.37069905996322633,0.08889329582452773,-0.2188902258872986,0.05182616002857685,-0.13205998316407203,-0.08657973855733872,0.022682928666472434,0.025609101727604867,-0.07676500976085662,0.0027386484667658805,-0.13002550601959229,0.08879783004522324,0.13703104555606843,-0.015689258463680744,-0.01679958738386631,0.26667140126228334,0.021666528284549715,0.03889912683516741,0.08653824031352997,0.07738765105605125,-0.11916881799697876,-0.022343506384640933,-0.1482338488101959,0.007273290306329727,0.1113048255443573,-0.23745566308498384,-0.012171923462301493,0.06402918994426728,-0.1773403137922287,0.18721908330917358,-0.009170417115092278,0.005623090639710426,0.03124631866812706,-0.07209055721759797,-0.039914159942418335,0.04451973084360361,0.19280795454978944,-0.2657643735408783,0.33096819519996645,0.21388943493366241,0.049447217397391795,0.1391890436410904,0.074860118329525,0.02640254832804203,-0.024785416945815087,0.017290334589779376,-0.07627046853303909,-0.10119327902793884,-0.05450837779790163,-0.04229967445135117,-0.0014329759404063224,0.008602841757237911",Known person(Football player)
